UNIX timestamp [s],Time UTC,Power [W]
1605168040,2020-11-12 08:00:40,-4.340099556028671
1605168100,2020-11-12 08:01:40,-4.336181822955771
1605168160,2020-11-12 08:02:40,-4.3482711769649365
1605168220,2020-11-12 08:03:40,-4.358245733771947
1605168280,2020-11-12 08:04:40,-4.341981462308389
1605168340,2020-11-12 08:05:40,-4.329613613011341
1605168400,2020-11-12 08:06:40,-4.35553672722223
1605168460,2020-11-12 08:07:40,-4.351674525307367
1605168520,2020-11-12 08:08:40,-4.3539383405260885
1605168580,2020-11-12 08:09:40,-4.338478268381876
1605168640,2020-11-12 08:10:40,-4.344091545121712
1605168700,2020-11-12 08:11:40,-4.345018174903413
1605168760,2020-11-12 08:12:40,-4.345664808812758
1605168820,2020-11-12 08:13:40,-4.362617958420516
1605168880,2020-11-12 08:14:40,-4.3350656230720945
1605168940,2020-11-12 08:15:40,-4.346337222938116
1605169001,2020-11-12 08:16:41,-4.345895282883454
1605169061,2020-11-12 08:17:41,-4.353907607636076
1605169121,2020-11-12 08:18:41,-4.354082094046248
1605169181,2020-11-12 08:19:41,-4.339774331363531
1605169241,2020-11-12 08:20:41,-4.343911719675291
1605169301,2020-11-12 08:21:41,-4.354860874355963
1605169361,2020-11-12 08:22:41,-4.334866673651214
1605169421,2020-11-12 08:23:41,-4.340727647242913
1605169481,2020-11-12 08:24:41,-4.344536451073198
1605169541,2020-11-12 08:25:41,-4.33801786057601
1605169601,2020-11-12 08:26:41,-4.350594299015996
1605169661,2020-11-12 08:27:41,-4.340758061621247
1605169721,2020-11-12 08:28:41,-4.351039451184026
1605169781,2020-11-12 08:29:41,-4.34577595834394
1605169841,2020-11-12 08:30:41,-4.35544139121815
1605169901,2020-11-12 08:31:41,-4.36773455180162
1605169961,2020-11-12 08:32:41,-4.341880825218886
1605170022,2020-11-12 08:33:42,-4.368092987040605
1605170082,2020-11-12 08:34:42,-4.33964033641622
1605170142,2020-11-12 08:35:42,-4.347756879120331
1605170202,2020-11-12 08:36:42,-4.3378043127431996
1605170262,2020-11-12 08:37:42,-4.3259178362909925
1605170322,2020-11-12 08:38:42,-4.344751623803428
1605170382,2020-11-12 08:39:42,-4.349434675368729
1605170442,2020-11-12 08:40:42,-4.35743263179384
1605170502,2020-11-12 08:41:42,-4.349333872214393
1605170562,2020-11-12 08:42:42,-4.35857871080838
1605170622,2020-11-12 08:43:42,-4.350525240300097
1605170682,2020-11-12 08:44:42,-4.35943351732928
1605170742,2020-11-12 08:45:42,-4.324253028776391
1605170802,2020-11-12 08:46:42,-4.339436443599564
1605170862,2020-11-12 08:47:42,-4.349264845238918
1605170922,2020-11-12 08:48:42,-4.356231052793021
1605170982,2020-11-12 08:49:42,-4.35968716551884
1605171042,2020-11-12 08:50:42,-4.321724121858912
1605171102,2020-11-12 08:51:42,-4.345341646901344
1605171162,2020-11-12 08:52:42,-4.34137901132902
1605171222,2020-11-12 08:53:42,-4.354345075777248
1605171282,2020-11-12 08:54:42,-4.344416604664794
1605171342,2020-11-12 08:55:42,-4.358154506813937
1605171402,2020-11-12 08:56:42,-4.357035477243441
1605171462,2020-11-12 08:57:42,-4.352475553786398
1605171522,2020-11-12 08:58:42,-4.344061276620664
1605171582,2020-11-12 08:59:42,-4.356131646995667
1605171642,2020-11-12 09:00:42,-4.355497131839076
1605171703,2020-11-12 09:01:43,-4.3414351721028135
1605171763,2020-11-12 09:02:43,-4.3600284737217345
1605171823,2020-11-12 09:03:43,-4.346630602017457
1605171883,2020-11-12 09:04:43,-4.34437111451105
1605171943,2020-11-12 09:05:43,-4.34481240965589
1605172003,2020-11-12 09:06:43,-4.357131435410765
1605172063,2020-11-12 09:07:43,-4.36225861846711
1605172123,2020-11-12 09:08:43,-4.360110975459091
1605172183,2020-11-12 09:09:43,-4.344730808487697
1605172243,2020-11-12 09:10:43,-4.352901234705894
1605172303,2020-11-12 09:11:43,-4.3577208852205604
1605172363,2020-11-12 09:12:43,-4.360446166543747
1605172423,2020-11-12 09:13:43,-4.338376615329316
1605172483,2020-11-12 09:14:43,-4.349898631428195
1605172543,2020-11-12 09:15:43,-4.350203270323286
1605172603,2020-11-12 09:16:43,-4.359124164180049
1605172663,2020-11-12 09:17:43,-4.348960478958325
1605172723,2020-11-12 09:18:43,-4.359047326111228
1605172783,2020-11-12 09:19:43,-4.367896846101375
1605172844,2020-11-12 09:20:44,-4.33652702780871
1605172904,2020-11-12 09:21:44,-4.339351254296449
1605172964,2020-11-12 09:22:44,-4.35936476576676
1605173024,2020-11-12 09:23:44,-4.34038555079697
1605173084,2020-11-12 09:24:44,-4.330682316584616
1605173144,2020-11-12 09:25:44,-4.339226372952311
1605173204,2020-11-12 09:26:44,-4.331847146829305
1605173264,2020-11-12 09:27:44,-4.352041198915816
1605173324,2020-11-12 09:28:44,-4.35757550105649
1605173384,2020-11-12 09:29:44,-4.330599204970119
1605173444,2020-11-12 09:30:44,-4.349045408052765
1605173504,2020-11-12 09:31:44,-4.348315571961694
1605173564,2020-11-12 09:32:44,-4.350931736248477
1605173625,2020-11-12 09:33:45,-4.342790931466577
1605173685,2020-11-12 09:34:45,-4.335444181936897
1605173745,2020-11-12 09:35:45,-4.341882316764602
1605173805,2020-11-12 09:36:45,-4.348560653333449
1605173865,2020-11-12 09:37:45,-4.351596578418664
1605173925,2020-11-12 09:38:45,-4.357071052741047
1605173985,2020-11-12 09:39:45,-4.328756921534023
1605174045,2020-11-12 09:40:45,-4.338153201655682
1605174105,2020-11-12 09:41:45,-4.343954216366957
1605174165,2020-11-12 09:42:45,-4.352689686564919
1605174225,2020-11-12 09:43:45,-4.349233310876929
1605174285,2020-11-12 09:44:45,-4.341098919023249
1605174345,2020-11-12 09:45:45,-4.343642982002509
1605174405,2020-11-12 09:46:45,-4.343958904687061
1605174465,2020-11-12 09:47:45,-4.349815115343956
1605174525,2020-11-12 09:48:45,-4.360680864186402
1605174585,2020-11-12 09:49:45,-4.3406916829138416
1605174645,2020-11-12 09:50:45,-4.3438111378210085
1605174705,2020-11-12 09:51:45,-4.347573794286628
1605174765,2020-11-12 09:52:45,-4.3527002655552485
1605174825,2020-11-12 09:53:45,-4.355964982199124
1605174885,2020-11-12 09:54:45,-4.343641289808212
1605174945,2020-11-12 09:55:45,-4.354879667562519
1605175005,2020-11-12 09:56:45,-4.354268544831868
1605175065,2020-11-12 09:57:45,-4.352754033256434
1605175125,2020-11-12 09:58:45,-4.343987457633712
1605175186,2020-11-12 09:59:46,-4.3418465118559695
1605175246,2020-11-12 10:00:46,-4.344122312430853
1605175306,2020-11-12 10:01:46,-4.356447877611755
1605175366,2020-11-12 10:02:46,-4.358927837272738
1605175426,2020-11-12 10:03:46,-4.354161936905481
1605175486,2020-11-12 10:04:46,-4.3525383426080255
1605175546,2020-11-12 10:05:46,-4.351559315350894
1605175606,2020-11-12 10:06:46,-4.34316655188009
1605175666,2020-11-12 10:07:46,-4.344654730617872
1605175726,2020-11-12 10:08:46,-4.334938840295249
1605175786,2020-11-12 10:09:46,-4.350587315119225
1605175846,2020-11-12 10:10:46,-4.351588286519965
1605175906,2020-11-12 10:11:46,-4.350699423103572
1605175966,2020-11-12 10:12:46,-4.357524375637453
1605176026,2020-11-12 10:13:46,-4.356561735479863
1605176086,2020-11-12 10:14:46,-4.35118468807908
1605176146,2020-11-12 10:15:46,-4.34963186809682
1605176206,2020-11-12 10:16:46,-4.352180756444203
1605176266,2020-11-12 10:17:46,-4.3451638369496
1605176326,2020-11-12 10:18:46,-4.337436005617602
1605176386,2020-11-12 10:19:46,-4.35440119698398
1605176446,2020-11-12 10:20:46,-4.363652641822026
1605176506,2020-11-12 10:21:46,-4.3325085954823574
1605176566,2020-11-12 10:22:46,-4.35682854913798
1605176627,2020-11-12 10:23:47,-4.322183994327515
1605176687,2020-11-12 10:24:47,-4.3343977250963235
1605176747,2020-11-12 10:25:47,-4.353595518554722
1605176807,2020-11-12 10:26:47,-4.321955178376189
1605176867,2020-11-12 10:27:47,-4.343965122144543
1605176927,2020-11-12 10:28:47,-4.354721744133656
1605176987,2020-11-12 10:29:47,-4.3481316124180545
1605177047,2020-11-12 10:30:47,-4.368939115405295
1605177107,2020-11-12 10:31:47,-4.355491819051133
1605177167,2020-11-12 10:32:47,-4.344822104523426
1605177227,2020-11-12 10:33:47,-4.349747450992107
1605177287,2020-11-12 10:34:47,-4.358392993569318
1605177347,2020-11-12 10:35:47,-4.337504292821113
1605177407,2020-11-12 10:36:47,-4.335543016526246
1605177467,2020-11-12 10:37:47,-4.348993210926637
1605177527,2020-11-12 10:38:47,-4.334148148630511
1605177587,2020-11-12 10:39:47,-4.361243062272414
1605177647,2020-11-12 10:40:47,-4.3474806309380485
1605177707,2020-11-12 10:41:47,-4.343876161058026
1605177767,2020-11-12 10:42:47,-4.343838254891161
1605177827,2020-11-12 10:43:47,-4.340201151795812
1605177887,2020-11-12 10:44:47,-4.339188313904636
1605177947,2020-11-12 10:45:47,-4.341258634491818
1605178007,2020-11-12 10:46:47,-4.331006008984709
1605178067,2020-11-12 10:47:47,-4.348573310281747
1605178128,2020-11-12 10:48:48,-4.343558165368862
1605178188,2020-11-12 10:49:48,-4.339851108435638
1605178248,2020-11-12 10:50:48,-4.346406804031725
1605178308,2020-11-12 10:51:48,-4.347154261208166
1605178368,2020-11-12 10:52:48,-4.347434556497038
1605178428,2020-11-12 10:53:48,-4.337810821072298
1605178488,2020-11-12 10:54:48,-4.352500558509376
1605178548,2020-11-12 10:55:48,-4.350235249934209
1605178608,2020-11-12 10:56:48,-4.347928688275566
1605178668,2020-11-12 10:57:48,-4.345468970567384
1605178729,2020-11-12 10:58:49,-4.350851962631555
1605178789,2020-11-12 10:59:49,-4.335446859775477
1605178849,2020-11-12 11:00:49,-4.351379655834625
1605178909,2020-11-12 11:01:49,-4.345536482442467
1605178969,2020-11-12 11:02:49,-4.33905760632885
1605179029,2020-11-12 11:03:49,-4.349393743834778
1605179089,2020-11-12 11:04:49,-4.34189726310909
1605179149,2020-11-12 11:05:49,-4.34853169558785
1605179209,2020-11-12 11:06:49,-4.3541077347450345
1605179269,2020-11-12 11:07:49,-4.344331672801862
1605179329,2020-11-12 11:08:49,-4.3438833690532785
1605179389,2020-11-12 11:09:49,-4.345135826807666
1605179449,2020-11-12 11:10:49,-4.354212340300878
1605179509,2020-11-12 11:11:49,-4.348065772459895
1605179569,2020-11-12 11:12:49,-4.337385603404421
1605179629,2020-11-12 11:13:49,-4.353256850718478
1605179689,2020-11-12 11:14:49,-4.341498009096274
1605179749,2020-11-12 11:15:49,-4.350195339840464
1605179809,2020-11-12 11:16:49,-4.352897499167301
1605179869,2020-11-12 11:17:49,-4.3387187869885455
1605179930,2020-11-12 11:18:50,-4.338139772910685
1605179990,2020-11-12 11:19:50,-4.360396947690336
1605180050,2020-11-12 11:20:50,-4.35110962647161
1605180110,2020-11-12 11:21:50,-4.342448777989616
1605180170,2020-11-12 11:22:50,-4.355483433996295
1605180230,2020-11-12 11:23:50,-4.334569172985304
1605180290,2020-11-12 11:24:50,-4.3520472209623975
1605180350,2020-11-12 11:25:50,-4.3439105569669705
1605180410,2020-11-12 11:26:50,-4.336573673712098
1605180470,2020-11-12 11:27:50,-4.337060928682244
1605180530,2020-11-12 11:28:50,-4.336955760448368
1605180590,2020-11-12 11:29:50,-4.33589767026961
1605180650,2020-11-12 11:30:50,-4.343058755041957
1605180710,2020-11-12 11:31:50,-4.33782717228615
1605180770,2020-11-12 11:32:50,-4.3406283938026275
1605180830,2020-11-12 11:33:50,-4.3559083808454275
1605180891,2020-11-12 11:34:51,-4.346519510385245
1605180951,2020-11-12 11:35:51,-4.342204958034254
1605181011,2020-11-12 11:36:51,-4.346807432131238
1605181071,2020-11-12 11:37:51,-4.3350717245520585
1605181131,2020-11-12 11:38:51,-4.338039449783523
1605181191,2020-11-12 11:39:51,-4.3262546684500585
1605181251,2020-11-12 11:40:51,-4.308497420670303
1605181311,2020-11-12 11:41:51,-4.340266683418389
1605181371,2020-11-12 11:42:51,-4.329874333958912
1605181431,2020-11-12 11:43:51,-4.343639040008983
1605181491,2020-11-12 11:44:51,-4.353444109725242
1605181551,2020-11-12 11:45:51,-4.329138582326027
1605181611,2020-11-12 11:46:51,-4.329086293420513
1605181671,2020-11-12 11:47:51,-4.341002678723768
1605181731,2020-11-12 11:48:51,-4.322127949366619
1605181791,2020-11-12 11:49:51,-4.344344976096593
1605181851,2020-11-12 11:50:51,-4.335418599690758
1605181911,2020-11-12 11:51:51,-4.336332746909444
1605181971,2020-11-12 11:52:51,-4.31511923657589
1605182031,2020-11-12 11:53:51,-4.343889542843356
1605182091,2020-11-12 11:54:51,-4.337035300823274
1605182152,2020-11-12 11:55:52,-4.332567399391297
1605182212,2020-11-12 11:56:52,-4.309612323685887
1605182272,2020-11-12 11:57:52,-4.338334530769342
1605182332,2020-11-12 11:58:52,-4.307066965769004
1605182392,2020-11-12 11:59:52,-4.352887160213029
1605182452,2020-11-12 12:00:52,-4.3076268269155085
1605182512,2020-11-12 12:01:52,-4.3442836501330895
1605182572,2020-11-12 12:02:52,-4.340775074325968
1605182632,2020-11-12 12:03:52,-4.341773550025208
1605182692,2020-11-12 12:04:52,-4.313904228934822
1605182752,2020-11-12 12:05:52,-4.343596320520724
1605182812,2020-11-12 12:06:52,-4.338471444324571
1605182872,2020-11-12 12:07:52,-4.327104710075785
1605182932,2020-11-12 12:08:52,-4.330739101706541
1605182992,2020-11-12 12:09:52,-4.343995750071164
1605183052,2020-11-12 12:10:52,-4.333349972689612
1605183112,2020-11-12 12:11:52,-4.32186585780424
1605183172,2020-11-12 12:12:52,-4.327210101809539
1605183232,2020-11-12 12:13:52,-4.316567604526619
1605183292,2020-11-12 12:14:52,-4.323252950881404
1605183352,2020-11-12 12:15:52,-4.312451528707515
1605183412,2020-11-12 12:16:52,-4.337784980383374
1605183472,2020-11-12 12:17:52,-4.352975126077763
1605183532,2020-11-12 12:18:52,-4.321142609400815
1605183592,2020-11-12 12:19:52,-4.349361951134719
1605183652,2020-11-12 12:20:52,-4.328199483150392
1605183713,2020-11-12 12:21:53,-4.317579816333729
1605183773,2020-11-12 12:22:53,-4.320210675106733
1605183833,2020-11-12 12:23:53,-4.333149670222649
1605183893,2020-11-12 12:24:53,-4.350212414634298
1605183953,2020-11-12 12:25:53,-4.346083337525902
1605184013,2020-11-12 12:26:53,-4.339633151092686
1605184073,2020-11-12 12:27:53,-4.343315910092371
1605184133,2020-11-12 12:28:53,-4.3392820498529305
1605184193,2020-11-12 12:29:53,-4.329777019094063
1605184253,2020-11-12 12:30:53,-4.351734200663866
1605184313,2020-11-12 12:31:53,-4.339233161378329
1605184373,2020-11-12 12:32:53,-4.340617215410546
1605184433,2020-11-12 12:33:53,-4.311955083993103
1605184493,2020-11-12 12:34:53,-4.31456333463249
1605184553,2020-11-12 12:35:53,-4.323809995719645
1605184613,2020-11-12 12:36:53,-4.3331180764202895
1605184673,2020-11-12 12:37:53,-4.310630432598129
1605184733,2020-11-12 12:38:53,-4.310217480667681
1605184793,2020-11-12 12:39:53,-4.330538650129896
1605184853,2020-11-12 12:40:53,-4.3418106969658
1605184913,2020-11-12 12:41:53,-4.331924301239898
1605184973,2020-11-12 12:42:53,-4.3322245849173076
1605185033,2020-11-12 12:43:53,-4.323583614907113
1605185093,2020-11-12 12:44:53,-4.339785585612383
1605185154,2020-11-12 12:45:54,-4.321664668655471
1605185214,2020-11-12 12:46:54,-4.328108766179215
1605185274,2020-11-12 12:47:54,-4.335327285203402
1605185334,2020-11-12 12:48:54,-4.333936182790899
1605185394,2020-11-12 12:49:54,-4.322045122099066
1605185454,2020-11-12 12:50:54,-4.339185007078825
1605185514,2020-11-12 12:51:54,-4.337693830479343
1605185574,2020-11-12 12:52:54,-4.334386184031312
1605185634,2020-11-12 12:53:54,-4.336258462994835
1605185694,2020-11-12 12:54:54,-4.334379687374823
1605185754,2020-11-12 12:55:54,-4.33195854049691
1605185814,2020-11-12 12:56:54,-4.338069079615104
1605185874,2020-11-12 12:57:54,-4.330161400239779
1605185934,2020-11-12 12:58:54,-4.33312144617327
1605185994,2020-11-12 12:59:54,-4.3323505878463555
1605186054,2020-11-12 13:00:54,-4.332648273836871
1605186114,2020-11-12 13:01:54,-4.340037902679331
1605186174,2020-11-12 13:02:54,-4.339345462439065
1605186234,2020-11-12 13:03:54,-4.353138094199424
1605186294,2020-11-12 13:04:54,-4.334388588552051
1605186354,2020-11-12 13:05:54,-4.3410144697764395
1605186414,2020-11-12 13:06:54,-4.325551891530149
1605186474,2020-11-12 13:07:54,-4.335231968788322
1605186534,2020-11-12 13:08:54,-4.329078537846757
1605186594,2020-11-12 13:09:54,-4.3352442510918205
1605186655,2020-11-12 13:10:55,-4.328145137117973
1605186715,2020-11-12 13:11:55,-4.337215544103025
1605186775,2020-11-12 13:12:55,-4.330235292734
1605186835,2020-11-12 13:13:55,-4.326373374971546
1605186895,2020-11-12 13:14:55,-4.329300979808379
1605186955,2020-11-12 13:15:55,-4.336294997918308
1605187015,2020-11-12 13:16:55,-4.335543975637854
1605187075,2020-11-12 13:17:55,-4.310452445372891
1605187135,2020-11-12 13:18:55,-4.348806637997973
1605187195,2020-11-12 13:19:55,-4.327817664464343
1605187255,2020-11-12 13:20:55,-4.342113800213819
1605187316,2020-11-12 13:21:56,-4.33365942092547
1605187376,2020-11-12 13:22:56,-4.332302567108061
1605187436,2020-11-12 13:23:56,-4.314278729334727
1605187496,2020-11-12 13:24:56,-4.328493758518953
1605187556,2020-11-12 13:25:56,-4.337576373881204
1605187616,2020-11-12 13:26:56,-4.326214450604335
1605187676,2020-11-12 13:27:56,-4.313308013086411
1605187736,2020-11-12 13:28:56,-4.330949858820976
1605187796,2020-11-12 13:29:56,-4.337541126487737
1605187856,2020-11-12 13:30:56,-4.327652865259694
1605187916,2020-11-12 13:31:56,-4.330564859597411
1605187976,2020-11-12 13:32:56,-4.332922229989153
1605188036,2020-11-12 13:33:56,-4.329348321636735
1605188096,2020-11-12 13:34:56,-4.330247360127403
1605188156,2020-11-12 13:35:56,-4.3376748396171605
1605188216,2020-11-12 13:36:56,-4.330461495494858
1605188276,2020-11-12 13:37:56,-4.324668645855247
1605188336,2020-11-12 13:38:56,-4.346317225600616
1605188396,2020-11-12 13:39:56,-4.34128173016498
1605188456,2020-11-12 13:40:56,-4.33888325114539
1605188516,2020-11-12 13:41:56,-4.338582034170697
1605188576,2020-11-12 13:42:56,-4.336416282642511
1605188636,2020-11-12 13:43:56,-4.346174470399948
1605188697,2020-11-12 13:44:57,-4.341259975117099
1605188757,2020-11-12 13:45:57,-4.337248986138081
1605188817,2020-11-12 13:46:57,-4.332425464563226
1605188877,2020-11-12 13:47:57,-4.322967858059043
1605188937,2020-11-12 13:48:57,-4.349569260230071
1605188997,2020-11-12 13:49:57,-4.320167127928105
1605189057,2020-11-12 13:50:57,-4.335287851709905
1605189117,2020-11-12 13:51:57,-4.324409011145641
1605189177,2020-11-12 13:52:57,-4.345162892638204
1605189237,2020-11-12 13:53:57,-4.33579311153876
1605189297,2020-11-12 13:54:57,-4.3303166360430225
1605189357,2020-11-12 13:55:57,-4.323741982896491
1605189417,2020-11-12 13:56:57,-4.324790598789492
1605189477,2020-11-12 13:57:57,-4.327722345864388
1605189537,2020-11-12 13:58:57,-4.3428747681575635
1605189597,2020-11-12 13:59:57,-4.329464254170538
1605189657,2020-11-12 14:00:57,-4.330728217792622
1605189717,2020-11-12 14:01:57,-4.331610999168372
1605189777,2020-11-12 14:02:57,-4.309002637280694
1605189837,2020-11-12 14:03:57,-4.331634521354485
1605189898,2020-11-12 14:04:58,-4.328411582012482
1605189958,2020-11-12 14:05:58,-4.319206295044442
1605190018,2020-11-12 14:06:58,-4.332640969183695
1605190078,2020-11-12 14:07:58,-4.329467721374563
1605190138,2020-11-12 14:08:58,-4.311846460781499
1605190198,2020-11-12 14:09:58,-4.3118610387514815
1605190258,2020-11-12 14:10:58,-4.321257068256932
1605190318,2020-11-12 14:11:58,-4.3145376295549545
1605190378,2020-11-12 14:12:58,-4.322534810232645
1605190438,2020-11-12 14:13:58,-4.332466597434144
1605190498,2020-11-12 14:14:58,-4.329674974501398
1605190558,2020-11-12 14:15:58,-4.331815298729425
1605190618,2020-11-12 14:16:58,-4.330169952661378
1605190678,2020-11-12 14:17:58,-4.319622710183301
1605190738,2020-11-12 14:18:58,-4.317639691859947
1605190798,2020-11-12 14:19:58,-4.331802644310188
1605190858,2020-11-12 14:20:58,-4.336548387695012
1605190918,2020-11-12 14:21:58,-4.346533809904432
1605190978,2020-11-12 14:22:58,-4.313351659272441
1605191038,2020-11-12 14:23:58,-4.340976531390288
1605191098,2020-11-12 14:24:58,-4.329476807053324
1605191158,2020-11-12 14:25:58,-4.314485383404002
1605191218,2020-11-12 14:26:58,-4.338716162649286
1605191278,2020-11-12 14:27:58,-4.313926051923094
1605191339,2020-11-12 14:28:59,-4.3292482604392255
1605191399,2020-11-12 14:29:59,-4.336761648577004
1605191459,2020-11-12 14:30:59,-4.324218359085647
1605191519,2020-11-12 14:31:59,-4.3303941550420255
1605191579,2020-11-12 14:32:59,-4.341674833104385
1605191639,2020-11-12 14:33:59,-4.3296820553853035
1605191699,2020-11-12 14:34:59,-4.32148453108734
1605191759,2020-11-12 14:35:59,-4.337326414599792
1605191819,2020-11-12 14:36:59,-4.332861375597701
1605191879,2020-11-12 14:37:59,-4.320555520204906
1605191939,2020-11-12 14:38:59,-4.3244686161674055
1605191999,2020-11-12 14:39:59,-4.333578188775282
1605192059,2020-11-12 14:40:59,-4.323165393182721
1605192119,2020-11-12 14:41:59,-4.33280334067211
1605192179,2020-11-12 14:42:59,-4.322162075683989
1605192239,2020-11-12 14:43:59,-4.341429008369121
1605192299,2020-11-12 14:44:59,-4.317919686849358
1605192359,2020-11-12 14:45:59,-4.334930531276754
1605192419,2020-11-12 14:46:59,-4.333253945369742
1605192479,2020-11-12 14:47:59,-4.320525685654295
1605192539,2020-11-12 14:48:59,-4.31678155301312
1605192599,2020-11-12 14:49:59,-4.321302806707321
1605192659,2020-11-12 14:50:59,-4.319720997957362
1605192719,2020-11-12 14:51:59,-4.3293159963230226
1605192779,2020-11-12 14:52:59,-4.314795254636061
1605192840,2020-11-12 14:54:00,-4.32402544199221
1605192900,2020-11-12 14:55:00,-4.320736243152705
1605192960,2020-11-12 14:56:00,-4.302036616173558
1605193020,2020-11-12 14:57:00,-4.337461176405417
1605193080,2020-11-12 14:58:00,-4.356072852664274
1605193140,2020-11-12 14:59:00,-4.336182280879911
1605193200,2020-11-12 15:00:00,-4.362571147589611
1605193260,2020-11-12 15:01:00,-4.315018968444549
1605193320,2020-11-12 15:02:00,-4.33895449472807
1605193380,2020-11-12 15:03:00,-4.315354862921634
1605193440,2020-11-12 15:04:00,-4.319009391197624
1605193500,2020-11-12 15:05:00,-4.314403571695463
1605193560,2020-11-12 15:06:00,-4.297395349661899
1605193620,2020-11-12 15:07:00,-4.308810013737591
1605193680,2020-11-12 15:08:00,-4.3319238770914135
1605193740,2020-11-12 15:09:00,-4.3162632415532425
1605193800,2020-11-12 15:10:00,-4.318596387653439
1605193860,2020-11-12 15:11:00,-4.327218495110006
1605193920,2020-11-12 15:12:00,-4.311737840936968
1605193980,2020-11-12 15:13:00,-4.310402021056651
1605194040,2020-11-12 15:14:00,-4.317922928263847
1605194100,2020-11-12 15:15:00,-4.324721202556583
1605194160,2020-11-12 15:16:00,-4.30172298741957
1605194220,2020-11-12 15:17:00,-4.318546846053319
1605194280,2020-11-12 15:18:00,-4.3206940699560015
1605194340,2020-11-12 15:19:00,-4.319202139652282
1605194400,2020-11-12 15:20:00,-4.305991241231052
1605194461,2020-11-12 15:21:01,-4.340275847782294
1605194521,2020-11-12 15:22:01,-4.343769753525794
1605194581,2020-11-12 15:23:01,-4.309779707363476
1605194641,2020-11-12 15:24:01,-4.312514541463006
1605194701,2020-11-12 15:25:01,-4.318311510683947
1605194761,2020-11-12 15:26:01,-4.308022812472388
1605194821,2020-11-12 15:27:01,-4.3275314197233365
1605194881,2020-11-12 15:28:01,-4.311047624756422
1605194941,2020-11-12 15:29:01,-4.34505346758049
1605195001,2020-11-12 15:30:01,-4.328493528344736
1605195061,2020-11-12 15:31:01,-4.328614977876695
1605195121,2020-11-12 15:32:01,-4.308890840535116
1605195181,2020-11-12 15:33:01,-4.305384254468223
1605195241,2020-11-12 15:34:01,-4.304486090627598
1605195301,2020-11-12 15:35:01,-4.336061470376577
1605195361,2020-11-12 15:36:01,-4.333119656138849
1605195421,2020-11-12 15:37:01,-4.315990192449919
1605195481,2020-11-12 15:38:01,-4.3564587765204585
1605195541,2020-11-12 15:39:01,-4.337459219572883
1605195601,2020-11-12 15:40:01,-4.335619487447626
1605195661,2020-11-12 15:41:01,-4.31068095904941
1605195721,2020-11-12 15:42:01,-4.343731633182161
1605195781,2020-11-12 15:43:01,-4.311442371254389
1605195841,2020-11-12 15:44:01,-4.319103671357331
1605195901,2020-11-12 15:45:01,-4.331882564103656
1605195961,2020-11-12 15:46:01,-4.315571335034042
1605196022,2020-11-12 15:47:02,-4.339771205821803
1605196082,2020-11-12 15:48:02,-4.319160770217175
1605196142,2020-11-12 15:49:02,-4.326381895892184
1605196202,2020-11-12 15:50:02,-4.337452549743218
1605196262,2020-11-12 15:51:02,-4.332715411680744
1605196322,2020-11-12 15:52:02,-4.338591774501393
1605196382,2020-11-12 15:53:02,-4.326956180676248
1605196442,2020-11-12 15:54:02,-4.341315419389289
1605196502,2020-11-12 15:55:02,-4.3269635886167634
1605196562,2020-11-12 15:56:02,-4.32040132480228
1605196622,2020-11-12 15:57:02,-4.3277419202955025
1605196682,2020-11-12 15:58:02,-4.32800039521496
1605196742,2020-11-12 15:59:02,-4.353163413004511
1605196802,2020-11-12 16:00:02,-4.324419710617905
1605196862,2020-11-12 16:01:02,-4.304471213300931
1605196922,2020-11-12 16:02:02,-4.3308028069899915
1605196982,2020-11-12 16:03:02,-4.3205182534857105
1605197042,2020-11-12 16:04:02,-4.302854697059029
1605197103,2020-11-12 16:05:03,-4.307336135476729
1605197163,2020-11-12 16:06:03,-4.342619602129071
1605197223,2020-11-12 16:07:03,-4.315057465812417
1605197283,2020-11-12 16:08:03,-4.3107589399980935
1605197343,2020-11-12 16:09:03,-4.334343246116248
1605197403,2020-11-12 16:10:03,-4.313454182740005
1605197463,2020-11-12 16:11:03,-4.321234886905627
1605197523,2020-11-12 16:12:03,-4.32740254942599
1605197583,2020-11-12 16:13:03,-4.336661876664813
1605197643,2020-11-12 16:14:03,-4.326223037310403
1605197703,2020-11-12 16:15:03,-4.3367591424150564
1605197763,2020-11-12 16:16:03,-4.337873756998301
1605197823,2020-11-12 16:17:03,-4.327040503724561
1605197883,2020-11-12 16:18:03,-4.306002227399738
1605197943,2020-11-12 16:19:03,-4.327806080121036
1605198003,2020-11-12 16:20:03,-4.327367593861883
1605198063,2020-11-12 16:21:03,-4.332978638146718
1605198123,2020-11-12 16:22:03,-4.328723917639588
1605198183,2020-11-12 16:23:03,-4.33314648800905
1605198243,2020-11-12 16:24:03,-4.3481677384572075
1605198303,2020-11-12 16:25:03,-4.3193832695390055
1605198363,2020-11-12 16:26:03,-4.319814611612985
1605198424,2020-11-12 16:27:04,-4.319152172272481
1605198484,2020-11-12 16:28:04,-4.32244604237213
1605198544,2020-11-12 16:29:04,-4.329457610649085
1605198604,2020-11-12 16:30:04,-4.344644474553823
1605198664,2020-11-12 16:31:04,-4.330812878552501
1605198724,2020-11-12 16:32:04,-4.333868795378398
1605198784,2020-11-12 16:33:04,-4.318071954690647
1605198844,2020-11-12 16:34:04,-4.341395442709528
1605198904,2020-11-12 16:35:04,-4.349155610010205
1605198964,2020-11-12 16:36:04,-4.353576090285223
1605199024,2020-11-12 16:37:04,-4.323904886385017
1605199084,2020-11-12 16:38:04,-4.365652290378684
1605199144,2020-11-12 16:39:04,-4.349105176146396
1605199204,2020-11-12 16:40:04,-4.362766097731529
1605199264,2020-11-12 16:41:04,-4.3184912497233885
1605199324,2020-11-12 16:42:04,-4.352212211327923
1605199384,2020-11-12 16:43:04,-4.354733555194309
1605199444,2020-11-12 16:44:04,-4.343299350493096
1605199505,2020-11-12 16:45:05,-4.330418681638321
1605199565,2020-11-12 16:46:05,-4.32298289006231
1605199625,2020-11-12 16:47:05,-4.322585598643473
1605199685,2020-11-12 16:48:05,-4.325404097143758
1605199745,2020-11-12 16:49:05,-4.301780940816686
1605199805,2020-11-12 16:50:05,-4.3295669423561085
1605199865,2020-11-12 16:51:05,-4.344109647655951
1605199925,2020-11-12 16:52:05,-4.347590332156938
1605199985,2020-11-12 16:53:05,-4.3229054205071344
1605200045,2020-11-12 16:54:05,-4.3253890872734955
1605200105,2020-11-12 16:55:05,-4.3347430823960895
1605200165,2020-11-12 16:56:05,-4.339875382380543
1605200225,2020-11-12 16:57:05,-4.334267391013046
1605200285,2020-11-12 16:58:05,-4.330699748933416
1605200345,2020-11-12 16:59:05,-4.3586041535821805
1605200405,2020-11-12 17:00:05,-4.3318246505728615
1605200465,2020-11-12 17:01:05,-4.344950831053539
1605200525,2020-11-12 17:02:05,-4.339576530344564
1605200585,2020-11-12 17:03:05,-4.328799366267791
1605200645,2020-11-12 17:04:05,-4.321199852372051
1605200705,2020-11-12 17:05:05,-4.327063279913346
1605200765,2020-11-12 17:06:05,-4.31674356925356
1605200825,2020-11-12 17:07:05,-4.3601506382288955
1605200885,2020-11-12 17:08:05,-4.307859915224201
1605200945,2020-11-12 17:09:05,-4.361816695966182
1605201005,2020-11-12 17:10:05,-4.309241051172287
1605201066,2020-11-12 17:11:06,-4.349982285772566
1605201126,2020-11-12 17:12:06,-4.326057530283745
1605201186,2020-11-12 17:13:06,-4.34673203655341
1605201246,2020-11-12 17:14:06,-4.315830166879921
1605201306,2020-11-12 17:15:06,-4.327648636450016
1605201366,2020-11-12 17:16:06,-4.329894440734309
1605201426,2020-11-12 17:17:06,-4.322503282036146
1605201486,2020-11-12 17:18:06,-4.309923706052636
1605201546,2020-11-12 17:19:06,-4.320635279051515
1605201606,2020-11-12 17:20:06,-4.321589229305475
1605201666,2020-11-12 17:21:06,-4.323359477758218
1605201726,2020-11-12 17:22:06,-4.327688251467035
1605201786,2020-11-12 17:23:06,-4.340292744763902
1605201846,2020-11-12 17:24:06,-4.329790334465429
1605201906,2020-11-12 17:25:06,-4.3203660525971115
1605201966,2020-11-12 17:26:06,-4.338589695884984
1605202026,2020-11-12 17:27:06,-4.312938557977919
1605202086,2020-11-12 17:28:06,-4.335277278226661
1605202146,2020-11-12 17:29:06,-4.3282803739226186
1605202207,2020-11-12 17:30:07,-4.311609904311023
1605202267,2020-11-12 17:31:07,-4.322144241604032
1605202327,2020-11-12 17:32:07,-4.299266190504164
1605202387,2020-11-12 17:33:07,-4.352253557283213
1605202447,2020-11-12 17:34:07,-4.327299179023234
1605202507,2020-11-12 17:35:07,-4.33786553345899
1605202567,2020-11-12 17:36:07,-4.320079264782018
1605202627,2020-11-12 17:37:07,-4.315539899080831
1605202687,2020-11-12 17:38:07,-4.339209192357029
1605202747,2020-11-12 17:39:07,-4.347693213912721
1605202807,2020-11-12 17:40:07,-4.3149784996833604
1605202867,2020-11-12 17:41:07,-4.348005135612352
1605202927,2020-11-12 17:42:07,-4.325909228679036
1605202987,2020-11-12 17:43:07,-4.3309848996846805
1605203047,2020-11-12 17:44:07,-4.331033395227462
1605203108,2020-11-12 17:45:08,-4.359215530221262
1605203168,2020-11-12 17:46:08,-4.32162218724287
1605203228,2020-11-12 17:47:08,-4.319047275021972
1605203288,2020-11-12 17:48:08,-4.340782503980471
1605203348,2020-11-12 17:49:08,-4.317853757955134
1605203408,2020-11-12 17:50:08,-4.364185787315264
1605203468,2020-11-12 17:51:08,-4.344069072928725
1605203528,2020-11-12 17:52:08,-4.309398703812326
1605203588,2020-11-12 17:53:08,-4.323832255471756
1605203648,2020-11-12 17:54:08,-4.326517833784674
1605203708,2020-11-12 17:55:08,-4.338228671189777
1605203768,2020-11-12 17:56:08,-4.328193395153751
1605203828,2020-11-12 17:57:08,-4.3278030099192915
1605203888,2020-11-12 17:58:08,-4.348339347308028
1605203948,2020-11-12 17:59:08,-4.339509002442124
1605204008,2020-11-12 18:00:08,-4.337328967437066
1605204068,2020-11-12 18:01:08,-4.338081392865912
1605204128,2020-11-12 18:02:08,-4.349040532492583
1605204188,2020-11-12 18:03:08,-4.352740572292112
1605204248,2020-11-12 18:04:08,-4.323860442752526
1605204308,2020-11-12 18:05:08,-4.357028438799819
1605204368,2020-11-12 18:06:08,-4.3039993784023105
1605204428,2020-11-12 18:07:08,-4.314049574010711
1605204488,2020-11-12 18:08:08,-4.348399678678263
1605204548,2020-11-12 18:09:08,-4.337528306332892
1605204608,2020-11-12 18:10:08,-4.328688044685845
1605204668,2020-11-12 18:11:08,-4.33844390518604
1605204728,2020-11-12 18:12:08,-4.346288778874401
1605204788,2020-11-12 18:13:08,-4.337451936289478
1605204848,2020-11-12 18:14:08,-4.33322241965744
1605204909,2020-11-12 18:15:09,-4.343695162412907
1605204969,2020-11-12 18:16:09,-4.318135076928945
1605205029,2020-11-12 18:17:09,-4.326891174274696
1605205089,2020-11-12 18:18:09,-4.326160148972616
1605205149,2020-11-12 18:19:09,-4.34712649396057
1605205209,2020-11-12 18:20:09,-4.33133028728826
1605205269,2020-11-12 18:21:09,-4.333953719579332
1605205329,2020-11-12 18:22:09,-4.340345397838816
1605205389,2020-11-12 18:23:09,-4.344153998401684
1605205449,2020-11-12 18:24:09,-4.337612325744576
1605205509,2020-11-12 18:25:09,-4.336139465526887
1605205569,2020-11-12 18:26:09,-4.347209298885618
1605205629,2020-11-12 18:27:09,-4.337485608992593
1605205689,2020-11-12 18:28:09,-4.339679038398342
1605205749,2020-11-12 18:29:09,-4.350180383813704
1605205809,2020-11-12 18:30:09,-4.343038525120893
1605205869,2020-11-12 18:31:09,-4.354782444866113
1605205929,2020-11-12 18:32:09,-4.340439065233164
1605205989,2020-11-12 18:33:09,-4.346405209902042
1605206049,2020-11-12 18:34:09,-4.33847873643721
1605206109,2020-11-12 18:35:09,-4.342114018640644
1605206169,2020-11-12 18:36:09,-4.343600149215449
1605206229,2020-11-12 18:37:09,-4.340677430937965
1605206289,2020-11-12 18:38:09,-4.34479518100852
1605206349,2020-11-12 18:39:09,-4.338928702270842
1605206409,2020-11-12 18:40:09,-4.347157479142827
1605206470,2020-11-12 18:41:10,-4.335095180054838
1605206530,2020-11-12 18:42:10,-4.345369527163406
1605206590,2020-11-12 18:43:10,-4.333724294229724
1605206650,2020-11-12 18:44:10,-4.332254305525611
1605206710,2020-11-12 18:45:10,-4.338420820482099
1605206770,2020-11-12 18:46:10,-4.343523311820068
1605206830,2020-11-12 18:47:10,-4.345338544121115
1605206890,2020-11-12 18:48:10,-4.329343454786092
1605206950,2020-11-12 18:49:10,-4.333948329797271
1605207010,2020-11-12 18:50:10,-4.345048439423807
1605207070,2020-11-12 18:51:10,-4.3371950401009
1605207130,2020-11-12 18:52:10,-4.339414315657758
1605207190,2020-11-12 18:53:10,-4.331868237722594
1605207250,2020-11-12 18:54:10,-4.319520380884543
1605207310,2020-11-12 18:55:10,-4.336992494523975
1605207370,2020-11-12 18:56:10,-4.3144950020406245
1605207430,2020-11-12 18:57:10,-4.3442245833817035
1605207490,2020-11-12 18:58:10,-4.349739256290027
1605207550,2020-11-12 18:59:10,-4.325858849436887
1605207610,2020-11-12 19:00:10,-4.323507454820445
1605207670,2020-11-12 19:01:10,-4.337417877119371
1605207730,2020-11-12 19:02:10,-4.336822279992291
1605207790,2020-11-12 19:03:10,-4.335925588033584
1605207850,2020-11-12 19:04:10,-4.326370300759212
1605207910,2020-11-12 19:05:10,-4.325481971018993
1605207970,2020-11-12 19:06:10,-4.32468169836919
1605208030,2020-11-12 19:07:10,-4.320606180382003
1605208090,2020-11-12 19:08:10,-4.334085196572404
1605208150,2020-11-12 19:09:10,-4.340417855923121
1605208211,2020-11-12 19:10:11,-4.319991215233888
1605208271,2020-11-12 19:11:11,-4.334794027653429
1605208331,2020-11-12 19:12:11,-4.328378268166251
1605208391,2020-11-12 19:13:11,-4.327056821102897
1605208451,2020-11-12 19:14:11,-4.33651493582806
1605208511,2020-11-12 19:15:11,-4.35437825827704
1605208571,2020-11-12 19:16:11,-4.340451157857315
1605208631,2020-11-12 19:17:11,-4.340547433204444
1605208691,2020-11-12 19:18:11,-4.339428987427363
1605208751,2020-11-12 19:19:11,-4.326006364519498
1605208811,2020-11-12 19:20:11,-4.339174544155795
1605208871,2020-11-12 19:21:11,-4.343596346514656
1605208931,2020-11-12 19:22:11,-4.341131295456854
1605208991,2020-11-12 19:23:11,-4.342900635289367
1605209051,2020-11-12 19:24:11,-4.343779232031632
1605209111,2020-11-12 19:25:11,-4.332759383471777
1605209171,2020-11-12 19:26:11,-4.343883359625433
1605209231,2020-11-12 19:27:11,-4.335568446744546
1605209291,2020-11-12 19:28:11,-4.350798254655079
1605209351,2020-11-12 19:29:11,-4.348608955635231
1605209411,2020-11-12 19:30:11,-4.331014332788464
1605209471,2020-11-12 19:31:11,-4.3466678816662725
1605209531,2020-11-12 19:32:11,-4.332795034496951
1605209591,2020-11-12 19:33:11,-4.33164383508246
1605209651,2020-11-12 19:34:11,-4.332153563757048
1605209711,2020-11-12 19:35:11,-4.337634720748893
1605209771,2020-11-12 19:36:11,-4.334464751886099
1605209831,2020-11-12 19:37:11,-4.3238855300814345
1605209891,2020-11-12 19:38:11,-4.331071871569709
1605209951,2020-11-12 19:39:11,-4.331841139777517
1605210011,2020-11-12 19:40:11,-4.339520716904725
1605210071,2020-11-12 19:41:11,-4.338198390716817
1605210131,2020-11-12 19:42:11,-4.34298036339819
1605210191,2020-11-12 19:43:11,-4.345833700946325
1605210252,2020-11-12 19:44:12,-4.341987280459001
1605210312,2020-11-12 19:45:12,-4.339690850895635
1605210372,2020-11-12 19:46:12,-4.330695916317893
1605210432,2020-11-12 19:47:12,-4.334017771253957
1605210492,2020-11-12 19:48:12,-4.33029020807386
1605210552,2020-11-12 19:49:12,-4.326654072455479
1605210612,2020-11-12 19:50:12,-4.310213504030534
1605210672,2020-11-12 19:51:12,-4.339464414683248
1605210732,2020-11-12 19:52:12,-4.33983886397821
1605210792,2020-11-12 19:53:12,-4.318919150736902
1605210852,2020-11-12 19:54:12,-4.3341661029978615
1605210912,2020-11-12 19:55:12,-4.322719013089622
1605210972,2020-11-12 19:56:12,-4.338808776937838
1605211032,2020-11-12 19:57:12,-4.35646901034674
1605211092,2020-11-12 19:58:12,-4.306332079238622
1605211152,2020-11-12 19:59:12,-4.347779327010426
1605211212,2020-11-12 20:00:12,-4.342625427552612
1605211272,2020-11-12 20:01:12,-4.320145048457418
1605211332,2020-11-12 20:02:12,-4.3463110639769615
1605211392,2020-11-12 20:03:12,-4.313699725642432
1605211452,2020-11-12 20:04:12,-4.313591572222074
1605211512,2020-11-12 20:05:12,-4.355553557281053
1605211572,2020-11-12 20:06:12,-4.333647206427666
1605211632,2020-11-12 20:07:12,-4.338664839754182
1605211692,2020-11-12 20:08:12,-4.330449564655625
1605211752,2020-11-12 20:09:12,-4.32796833935818
1605211812,2020-11-12 20:10:12,-4.328122725861811
1605211872,2020-11-12 20:11:12,-4.342173905794544
1605211932,2020-11-12 20:12:12,-4.321671161346309
1605211992,2020-11-12 20:13:12,-4.33069588867783
1605212053,2020-11-12 20:14:13,-4.338870377865347
1605212113,2020-11-12 20:15:13,-4.338069998965159
1605212173,2020-11-12 20:16:13,-4.32634948952889
1605212233,2020-11-12 20:17:13,-4.3228608607774275
1605212293,2020-11-12 20:18:13,-4.349819317172041
1605212353,2020-11-12 20:19:13,-4.347448109135972
1605212413,2020-11-12 20:20:13,-4.357768060684774
1605212473,2020-11-12 20:21:13,-4.3251366419279496
1605212533,2020-11-12 20:22:13,-4.347532136329373
1605212593,2020-11-12 20:23:13,-4.362923087698485
1605212653,2020-11-12 20:24:13,-4.325078662252541
1605212713,2020-11-12 20:25:13,-4.350971804281154
1605212773,2020-11-12 20:26:13,-4.347116923316203
1605212833,2020-11-12 20:27:13,-4.3420389149370635
1605212893,2020-11-12 20:28:13,-4.31312428823639
1605212953,2020-11-12 20:29:13,-4.3221107732308734
1605213013,2020-11-12 20:30:13,-4.341720331728228
1605213073,2020-11-12 20:31:13,-4.327595079798
1605213133,2020-11-12 20:32:13,-4.341248797877318
1605213193,2020-11-12 20:33:13,-4.322400439218873
1605213253,2020-11-12 20:34:13,-4.334242110308468
1605213313,2020-11-12 20:35:13,-4.346560600621332
1605213373,2020-11-12 20:36:13,-4.323692467125689
1605213433,2020-11-12 20:37:13,-4.352845987939695
1605213493,2020-11-12 20:38:13,-4.321251604788026
1605213553,2020-11-12 20:39:13,-4.347553508531718
1605213613,2020-11-12 20:40:13,-4.351385689673508
1605213673,2020-11-12 20:41:13,-4.326432386083657
1605213733,2020-11-12 20:42:13,-4.328859214977015
1605213793,2020-11-12 20:43:13,-4.32362132012608
1605213854,2020-11-12 20:44:14,-4.337259953106885
1605213914,2020-11-12 20:45:14,-4.31280416528009
1605213974,2020-11-12 20:46:14,-4.325082325690523
1605214034,2020-11-12 20:47:14,-4.332348604376395
1605214094,2020-11-12 20:48:14,-4.319200476070759
1605214154,2020-11-12 20:49:14,-4.335632510480829
1605214214,2020-11-12 20:50:14,-4.34210716169061
1605214274,2020-11-12 20:51:14,-4.343238309759475
1605214334,2020-11-12 20:52:14,-4.336947752881636
1605214394,2020-11-12 20:53:14,-4.337185262702284
1605214454,2020-11-12 20:54:14,-4.32299250860914
1605214514,2020-11-12 20:55:14,-4.316658908149509
1605214574,2020-11-12 20:56:14,-4.328001423913087
1605214634,2020-11-12 20:57:14,-4.345370565005058
1605214694,2020-11-12 20:58:14,-4.345820927421915
1605214754,2020-11-12 20:59:14,-4.352465182538013
1605214814,2020-11-12 21:00:14,-4.344135142043491
1605214874,2020-11-12 21:01:14,-4.340775004335407
1605214934,2020-11-12 21:02:14,-4.324565589594427
1605214994,2020-11-12 21:03:14,-4.33062236454317
1605215054,2020-11-12 21:04:14,-4.343759399846123
1605215114,2020-11-12 21:05:14,-4.323178681946599
1605215174,2020-11-12 21:06:14,-4.317423640334393
1605215234,2020-11-12 21:07:14,-4.343305379079321
1605215294,2020-11-12 21:08:14,-4.338383203914844
1605215354,2020-11-12 21:09:14,-4.3463546265095285
1605215414,2020-11-12 21:10:14,-4.348825531992726
1605215474,2020-11-12 21:11:14,-4.329943631154516
1605215534,2020-11-12 21:12:14,-4.340630567625369
1605215594,2020-11-12 21:13:14,-4.33122853769752
1605215655,2020-11-12 21:14:15,-4.331052197023826
1605215715,2020-11-12 21:15:15,-4.352579442406637
1605215775,2020-11-12 21:16:15,-4.33061326716188
1605215835,2020-11-12 21:17:15,-4.339299287030275
1605215895,2020-11-12 21:18:15,-4.349475498811619
1605215955,2020-11-12 21:19:15,-4.3399294022692
1605216015,2020-11-12 21:20:15,-4.345977712445392
1605216075,2020-11-12 21:21:15,-4.3387227541230216
1605216135,2020-11-12 21:22:15,-4.341009064745213
1605216195,2020-11-12 21:23:15,-4.336556107921825
1605216255,2020-11-12 21:24:15,-4.3243057110028245
1605216315,2020-11-12 21:25:15,-4.347584855952926
1605216375,2020-11-12 21:26:15,-4.326221701608561
1605216435,2020-11-12 21:27:15,-4.322500593557559
1605216495,2020-11-12 21:28:15,-4.361565057764287
1605216555,2020-11-12 21:29:15,-4.349690585718463
1605216615,2020-11-12 21:30:15,-4.335309154969245
1605216675,2020-11-12 21:31:15,-4.333681382143978
1605216735,2020-11-12 21:32:15,-4.346971486894899
1605216795,2020-11-12 21:33:15,-4.320493098440895
1605216855,2020-11-12 21:34:15,-4.348549263293622
1605216915,2020-11-12 21:35:15,-4.350561059200863
1605216975,2020-11-12 21:36:15,-4.356884223240192
1605217035,2020-11-12 21:37:15,-4.363778138535403
1605217095,2020-11-12 21:38:15,-4.354902559384623
1605217155,2020-11-12 21:39:15,-4.328141451457196
1605217215,2020-11-12 21:40:15,-4.329731762496577
1605217276,2020-11-12 21:41:16,-4.348227297491993
1605217336,2020-11-12 21:42:16,-4.329373851101847
1605217396,2020-11-12 21:43:16,-4.343140642427695
1605217456,2020-11-12 21:44:16,-4.338607718072965
1605217516,2020-11-12 21:45:16,-4.345213121049707
1605217576,2020-11-12 21:46:16,-4.354168854822265
1605217636,2020-11-12 21:47:16,-4.337478776614838
1605217696,2020-11-12 21:48:16,-4.353363554599424
1605217756,2020-11-12 21:49:16,-4.333928787735123
1605217816,2020-11-12 21:50:16,-4.335460960142545
1605217876,2020-11-12 21:51:16,-4.336597232397461
1605217936,2020-11-12 21:52:16,-4.338662189765179
1605217996,2020-11-12 21:53:16,-4.338303009755993
1605218056,2020-11-12 21:54:16,-4.319836431039601
1605218116,2020-11-12 21:55:16,-4.354187129422247
1605218176,2020-11-12 21:56:16,-4.3448245423259575
1605218236,2020-11-12 21:57:16,-4.350660812751162
1605218296,2020-11-12 21:58:16,-4.341787258313434
1605218356,2020-11-12 21:59:16,-4.352953578711943
1605218416,2020-11-12 22:00:16,-4.329198455308232
1605218476,2020-11-12 22:01:16,-4.335926699098205
1605218536,2020-11-12 22:02:16,-4.360192773310182
1605218596,2020-11-12 22:03:16,-4.347943179688884
1605218656,2020-11-12 22:04:16,-4.3275505051483325
1605218716,2020-11-12 22:05:16,-4.367056201198624
1605218776,2020-11-12 22:06:16,-4.35581532976309
1605218837,2020-11-12 22:07:17,-4.325542023998308
1605218897,2020-11-12 22:08:17,-4.34543755469699
1605218957,2020-11-12 22:09:17,-4.360895390106279
1605219017,2020-11-12 22:10:17,-4.353209866864083
1605219077,2020-11-12 22:11:17,-4.350237783481788
1605219137,2020-11-12 22:12:17,-4.339079437787211
1605219197,2020-11-12 22:13:17,-4.34060520766698
1605219257,2020-11-12 22:14:17,-4.340569723020922
1605219317,2020-11-12 22:15:17,-4.357747014790787
1605219377,2020-11-12 22:16:17,-4.346605652828981
1605219437,2020-11-12 22:17:17,-4.337553139783251
1605219497,2020-11-12 22:18:17,-4.352087705436677
1605219557,2020-11-12 22:19:17,-4.340299168107664
1605219617,2020-11-12 22:20:17,-4.354656741084225
1605219677,2020-11-12 22:21:17,-4.351322536652545
1605219737,2020-11-12 22:22:17,-4.352272019482436
1605219797,2020-11-12 22:23:17,-4.360378070875227
1605219857,2020-11-12 22:24:17,-4.338274817372207
1605219917,2020-11-12 22:25:17,-4.355542121718189
1605219977,2020-11-12 22:26:17,-4.362383788393248
1605220037,2020-11-12 22:27:17,-4.37453607913652
1605220097,2020-11-12 22:28:17,-4.340586528417703
1605220157,2020-11-12 22:29:17,-4.360144966045339
1605220217,2020-11-12 22:30:17,-4.308761134182031
1605220277,2020-11-12 22:31:17,-4.330235792185552
1605220337,2020-11-12 22:32:17,-4.324522819315507
1605220398,2020-11-12 22:33:18,-4.308457848961537
1605220458,2020-11-12 22:34:18,-4.3555145409774
1605220518,2020-11-12 22:35:18,-4.360090852312142
1605220578,2020-11-12 22:36:18,-4.360716547071727
1605220638,2020-11-12 22:37:18,-4.33500473655114
1605220698,2020-11-12 22:38:18,-4.366880321367226
1605220758,2020-11-12 22:39:18,-4.361735357266336
1605220818,2020-11-12 22:40:18,-4.343612191677443
1605220878,2020-11-12 22:41:18,-4.343300674387683
1605220938,2020-11-12 22:42:18,-4.360194475216654
1605220998,2020-11-12 22:43:18,-4.3525713356230105
1605221058,2020-11-12 22:44:18,-4.36017894762277
1605221118,2020-11-12 22:45:18,-4.3444120518812595
1605221178,2020-11-12 22:46:18,-4.345690854714549
1605221238,2020-11-12 22:47:18,-4.352804778493691
1605221298,2020-11-12 22:48:18,-4.363418232402175
1605221358,2020-11-12 22:49:18,-4.3529057531900035
1605221418,2020-11-12 22:50:18,-4.353563933596597
1605221478,2020-11-12 22:51:18,-4.364442894687689
1605221538,2020-11-12 22:52:18,-4.368538007218709
1605221598,2020-11-12 22:53:18,-4.342513337047185
1605221658,2020-11-12 22:54:18,-4.337235317147517
1605221718,2020-11-12 22:55:18,-4.366916017795708
1605221778,2020-11-12 22:56:18,-4.3292463527811265
1605221838,2020-11-12 22:57:18,-4.359763353859129
1605221898,2020-11-12 22:58:18,-4.33675027217014
1605221959,2020-11-12 22:59:19,-4.316339030227536
1605222019,2020-11-12 23:00:19,-4.366492976719076
1605222079,2020-11-12 23:01:19,-4.323524237201292
1605222139,2020-11-12 23:02:19,-4.348780739873985
1605222199,2020-11-12 23:03:19,-4.330032983841003
1605222259,2020-11-12 23:04:19,-4.323525586880296
1605222319,2020-11-12 23:05:19,-4.366687613736663
1605222379,2020-11-12 23:06:19,-4.341632867006095
1605222439,2020-11-12 23:07:19,-4.356902730049599
1605222499,2020-11-12 23:08:19,-4.35133522303669
1605222559,2020-11-12 23:09:19,-4.362172606890879
1605222619,2020-11-12 23:10:19,-4.342445330599058
1605222679,2020-11-12 23:11:19,-4.3365562942789815
1605222739,2020-11-12 23:12:19,-4.354916859203101
1605222799,2020-11-12 23:13:19,-4.3375634172320305
1605222859,2020-11-12 23:14:19,-4.3526948808911925
1605222919,2020-11-12 23:15:19,-4.345115260072911
1605222979,2020-11-12 23:16:19,-4.350147467343871
1605223039,2020-11-12 23:17:19,-4.363937883514632
1605223099,2020-11-12 23:18:19,-4.3600406232870865
1605223159,2020-11-12 23:19:19,-4.3600867332546125
1605223219,2020-11-12 23:20:19,-4.345384907263815
1605223279,2020-11-12 23:21:19,-4.347121835555189
1605223339,2020-11-12 23:22:19,-4.322297962336851
1605223399,2020-11-12 23:23:19,-4.352140186610451
1605223459,2020-11-12 23:24:19,-4.3493703618991715
1605223519,2020-11-12 23:25:19,-4.349139286107185
1605223580,2020-11-12 23:26:20,-4.361204746443046
1605223640,2020-11-12 23:27:20,-4.349198409350861
1605223700,2020-11-12 23:28:20,-4.365343813286187
1605223760,2020-11-12 23:29:20,-4.381005374953452
1605223820,2020-11-12 23:30:20,-4.373520660423818
1605223880,2020-11-12 23:31:20,-4.364636921244512
1605223940,2020-11-12 23:32:20,-4.362307594755398
1605224000,2020-11-12 23:33:20,-4.371610603976166
1605224060,2020-11-12 23:34:20,-4.34712244917355
1605224120,2020-11-12 23:35:20,-4.349960681764822
1605224180,2020-11-12 23:36:20,-4.337662429783284
1605224240,2020-11-12 23:37:20,-4.3529347084813566
1605224300,2020-11-12 23:38:20,-4.348886053042333
1605224360,2020-11-12 23:39:20,-4.341756638737202
1605224420,2020-11-12 23:40:20,-4.354803602023695
1605224480,2020-11-12 23:41:20,-4.338924543331992
1605224540,2020-11-12 23:42:20,-4.349846139464741
1605224600,2020-11-12 23:43:20,-4.342265782929983
1605224660,2020-11-12 23:44:20,-4.349482425108707
1605224720,2020-11-12 23:45:20,-4.328813268260928
1605224780,2020-11-12 23:46:20,-4.345582564754997
1605224840,2020-11-12 23:47:20,-4.348235871971799
1605224900,2020-11-12 23:48:20,-4.331779990803185
1605224960,2020-11-12 23:49:20,-4.334961957323257
1605225020,2020-11-12 23:50:20,-4.33196846752899
1605225081,2020-11-12 23:51:21,-4.34230917321725
1605225141,2020-11-12 23:52:21,-4.332643414064597
1605225201,2020-11-12 23:53:21,-4.339325897555537
1605225261,2020-11-12 23:54:21,-4.328974357816168
1605225321,2020-11-12 23:55:21,-4.376931718472796
1605225381,2020-11-12 23:56:21,-4.366063576542751
1605225441,2020-11-12 23:57:21,-4.363026580962581
1605225501,2020-11-12 23:58:21,-4.325939360790539
1605225561,2020-11-12 23:59:21,-4.328476275544106
1605225621,2020-11-13 00:00:21,-4.318557381106857
1605225681,2020-11-13 00:01:21,-4.3641996018089895
1605225741,2020-11-13 00:02:21,-4.368267572338446
1605225801,2020-11-13 00:03:21,-4.33293710225768
1605225861,2020-11-13 00:04:21,-4.356250454290419
1605225921,2020-11-13 00:05:21,-4.357018405696954
1605225981,2020-11-13 00:06:21,-4.3561841045699135
1605226041,2020-11-13 00:07:21,-4.339909605894532
1605226101,2020-11-13 00:08:21,-4.337385665014668
1605226161,2020-11-13 00:09:21,-4.323700863838131
1605226221,2020-11-13 00:10:21,-4.339966062328708
1605226282,2020-11-13 00:11:22,-4.328240236198673
1605226342,2020-11-13 00:12:22,-4.3289762377294245
1605226402,2020-11-13 00:13:22,-4.356071253416585
1605226462,2020-11-13 00:14:22,-4.34926773414163
1605226522,2020-11-13 00:15:22,-4.362760861563575
1605226582,2020-11-13 00:16:22,-4.332464989521829
1605226642,2020-11-13 00:17:22,-4.34850579432126
1605226702,2020-11-13 00:18:22,-4.3347280956615
1605226762,2020-11-13 00:19:22,-4.3712657277660965
1605226822,2020-11-13 00:20:22,-4.334470521415948
1605226882,2020-11-13 00:21:22,-4.369553377505195
1605226942,2020-11-13 00:22:22,-4.370021400364948
1605227002,2020-11-13 00:23:22,-4.364825185828743
1605227062,2020-11-13 00:24:22,-4.384418808147158
1605227122,2020-11-13 00:25:22,-4.322264613951786
1605227182,2020-11-13 00:26:22,-4.354761167585728
1605227242,2020-11-13 00:27:22,-4.337311524807424
1605227303,2020-11-13 00:28:23,-4.352842338493848
1605227363,2020-11-13 00:29:23,-4.336792213366943
1605227423,2020-11-13 00:30:23,-4.359338967907214
1605227483,2020-11-13 00:31:23,-4.342710903971156
1605227543,2020-11-13 00:32:23,-4.360951829375755
1605227603,2020-11-13 00:33:23,-4.347695424743527
1605227663,2020-11-13 00:34:23,-4.344125846452889
1605227723,2020-11-13 00:35:23,-4.360252958653513
1605227783,2020-11-13 00:36:23,-4.351743571572508
1605227843,2020-11-13 00:37:23,-4.360417742773595
1605227903,2020-11-13 00:38:23,-4.352323092734026
1605227963,2020-11-13 00:39:23,-4.355211202541951
